Segment,label1,label2,label3,label4,label5,label6,label7,label8,label9,label10,label11
   1,SC,,,,,,,,,,
   2,SC,,,,,,,,,,
   3,SC,,,,,,,,,,
   4,SC,,,,,,,,,,
   5,SC,,,,,,,,,,
   6,IC,,,,,,,,,,
   7,ST,,,,,,,,,,
   9,SC,,,,,,,,,,
  10,SC,,,,,,,,,,
  11,SC,,,,,,,,,,
  12,SC,,,,,,,,,,
  13,SC,,,,,,,,,,
  14,SC,,,,,,,,,,
  15,SC,,,,,,,,,,
  16,SS,,,,,,,,,,
  17,SS,,,,,,,,,,
  18,IC,,,,,,,,,,
  19,IC,,,,,,,,,,
  20,IC,,,,,,,,,,
  21,IC,,,,,,,,,,
  22,SS,,,,,,,,,,
  23,SS,,,,,,,,,,
  24,SS,,,,,,,,,,
  25,CR,,,,,,,,,,
  26,SO,,,,,,,,,,
  27,SC,,,,,,,,,,
  28,SO,,,,,,,,,,
  29,ST,,,,,,,,,,
  30,SC,,,,,,,,,,
  31,SC,,,,,,,,,,
  32,SC,,,,,,,,,,
  33,IC,,,,,,,,,,
  34,IC,,,,,,,,,,
  35,SS,,,,,,,,,,
  36,SS,,,,,,,,,,
  37,TT,,,,,,,,,,
  38,TT,,,,,,,,,,
  39,TT,,,,,,,,,,
  40,TT,,,,,,,,,,
  41,IC,,,,,,,,,,
  42,SS,,,,,,,,,,
  43,SS,,,,,,,,,,
  44,SC,,,,,,,,,,
  45,SC,,,,,,,,,,
  46,IC,,,,,,,,,,
  47,IC,,,,,,,,,,
  48,SC,,,,,,,,,,
  49,SS,,,,,,,,,,
  50,SS,,,,,,,,,,
  51,SS,,,,,,,,,,
  52,SO,,,,,,,,,,
  53,IC,,,,,,,,,,
  54,IC,,,,,,,,,,
  55,SO,,,,,,,,,,
  56,SC,,,,,,,,,,
  57,SC,,,,,,,,,,
  58,IC,,,,,,,,,,
  59,IC,,,,,,,,,,
  60,TT,,,,,,,,,,
  61,TT,,,,,,,,,,
  62,TT,,,,,,,,,,
  63,IC,,,,,,,,,,
  64,IC,,,,,,,,,,
  65,SC,,,,,,,,,,
  66,SC,,,,,,,,,,
  67,SC,,,,,,,,,,
  68,SC,,,,,,,,,,
  69,TT,,,,,,,,,,
  70,TT,,,,,,,,,,
  71,IC,,,,,,,,,,
  72,SC,,,,,,,,,,
  73,SC,,,,,,,,,,
  74,SC,,,,,,,,,,
  75,SC,,,,,,,,,,
  76,TT,,,,,,,,,,
  77,TT,,,,,,,,,,
  78,IC,,,,,,,,,,
  79,IC,,,,,,,,,,
  80,TT,,,,,,,,,,
  81,TT,,,,,,,,,,
  82,TT,,,,,,,,,,
  83,TT,,,,,,,,,,
  84,TT,,,,,,,,,,
  85,TT,,,,,,,,,,
  86,TT,,,,,,,,,,
  87,IC,,,,,,,,,,
  88,IC,,,,,,,,,,
  89,IC,,,,,,,,,,
  90,IC,,,,,,,,,,
  91,SC,,,,,,,,,,
  92,SC,,,,,,,,,,
  93,SC,,,,,,,,,,
  94,SC,,,,,,,,,,
  95,SC,,,,,,,,,,
  96,SC,,,,,,,,,,
  97,SC,,,,,,,,,,
  98,IC,,,,,,,,,,
  99,FS,,,,,,,,,,
 100,FS,,,,,,,,,,
 101,TT,,,,,,,,,,
 102,TT,,,,,,,,,,
 103,TT,,,,,,,,,,
 104,IC,,,,,,,,,,
 105,SC,,,,,,,,,,
 106,SC,,,,,,,,,,
 107,SC,,,,,,,,,,
 108,IC,,,,,,,,,,
 109,IC,,,,,,,,,,
 110,IC,,,,,,,,,,
 111,SC,,,,,,,,,,
 112,SC,,,,,,,,,,
 113,SC,,,,,,,,,,
 114,SC,,,,,,,,,,
 115,SC,,,,,,,,,,
 116,SC,,,,,,,,,,
 117,SO,,,,,,,,,,
 118,SC,,,,,,,,,,
 119,SC,,,,,,,,,,
 120,SC,,,,,,,,,,
 121,FS,,,,,,,,,,
 122,SC,,,,,,,,,,
 123,SC,,,,,,,,,,
 124,FS,,,,,,,,,,
 125,SC,,,,,,,,,,
 126,SC,,,,,,,,,,
 127,IC,,,,,,,,,,
 128,TT,,,,,,,,,,
 129,IC,,,,,,,,,,
 130,SS,,,,,,,,,,
 131,SS,,,,,,,,,,
 132,IC,,,,,,,,,,
 133,SC,,,,,,,,,,
 134,CR,,,,,,,,,,
 135,CR,,,,,,,,,,
 136,CR,,,,,,,,,,
 137,CR,,,,,,,,,,
 138,SS,,,,,,,,,,
 139,SS,,,,,,,,,,
 140,TT,,,,,,,,,,
 141,TT,,,,,,,,,,
 142,TT,,,,,,,,,,
 143,SO,,,,,,,,,,
 144,SO,,,,,,,,,,
 145,SS,,,,,,,,,,
 146,SS,,,,,,,,,,
 147,SS,,,,,,,,,,
 148,IC,,,,,,,,,,
 149,SC,,,,,,,,,,
 150,SC,,,,,,,,,,
 151,SC,,,,,,,,,,
 152,SC,,,,,,,,,,
 153,SC,,,,,,,,,,
 154,SC,,,,,,,,,,
 155,SS,,,,,,,,,,
 156,SS,,,,,,,,,,
 157,SO,,,,,,,,,,
 158,SO,,,,,,,,,,
 159,SC,,,,,,,,,,
 160,SC,,,,,,,,,,
 161,SC,,,,,,,,,,
 162,SC,,,,,,,,,,
 163,SC,,,,,,,,,,
 164,SC,,,,,,,,,,
 165,SC,,,,,,,,,,
 166,SC,,,,,,,,,,
 167,CR,,,,,,,,,,
 168,SC,,,,,,,,,,
 169,SC,,,,,,,,,,
 170,SS,,,,,,,,,,
 171,SS,,,,,,,,,,
 172,SS,,,,,,,,,,
 173,IC,,,,,,,,,,
 174,IC,,,,,,,,,,
 175,IC,,,,,,,,,,
 176,IC,,,,,,,,,,
 177,SC,,,,,,,,,,
 178,SC,,,,,,,,,,
 179,SC,,,,,,,,,,
 180,CR,,,,,,,,,,
 181,CR,,,,,,,,,,
 182,SS,,,,,,,,,,
 183,SS,,,,,,,,,,
 184,SS,,,,,,,,,,
 185,SC,,,,,,,,,,
 186,SC,,,,,,,,,,
 187,SC,,,,,,,,,,
 188,SC,,,,,,,,,,
 189,SC,,,,,,,,,,
 190,CR,,,,,,,,,,
 191,CR,,,,,,,,,,
 192,IC,,,,,,,,,,
 193,IC,,,,,,,,,,
 194,TT,,,,,,,,,,
 195,TT,,,,,,,,,,
 196,TT,,,,,,,,,,
 197,TT,,,,,,,,,,
 198,TT,,,,,,,,,,
 199,IC,,,,,,,,,,
 200,SC,,,,,,,,,,
 201,SC,,,,,,,,,,
 202,SC,,,,,,,,,,
 203,IC,,,,,,,,,,
 204,IC,,,,,,,,,,
 205,IC,,,,,,,,,,
 206,SS,,,,,,,,,,
 207,SS,,,,,,,,,,
 208,SS,,,,,,,,,,
 209,IC,,,,,,,,,,
 210,IC,,,,,,,,,,
 211,SC,,,,,,,,,,
 212,SC,,,,,,,,,,
 213,SC,,,,,,,,,,
 214,IC,,,,,,,,,,
 215,IC,,,,,,,,,,
 216,FS,,,,,,,,,,
 217,TT,,,,,,,,,,
 218,IC,,,,,,,,,,
 219,IC,,,,,,,,,,
 220,SC,,,,,,,,,,
 221,IC,,,,,,,,,,
 222,IC,,,,,,,,,,
 223,TT,,,,,,,,,,
 224,FS,,,,,,,,,,
 225,TT,,,,,,,,,,
 226,TT,,,,,,,,,,
 227,TT,,,,,,,,,,
 228,TT,,,,,,,,,,
 229,TT,,,,,,,,,,
 230,TT,,,,,,,,,,
 231,TT,,,,,,,,,,
 232,TT,,,,,,,,,,
 233,TT,,,,,,,,,,
 234,TT,,,,,,,,,,
 235,TT,,,,,,,,,,
 236,TT,,,,,,,,,,
 237,TT,,,,,,,,,,
 238,TT,,,,,,,,,,
 239,SS,,,,,,,,,,
 240,SS,,,,,,,,,,
 241,SS,,,,,,,,,,
 242,TT,,,,,,,,,,
 243,TT,,,,,,,,,,
 244,TT,,,,,,,,,,
 245,TT,,,,,,,,,,
 246,TT,,,,,,,,,,
 247,TT,,,,,,,,,,
 248,TT,,,,,,,,,,
 249,TT,,,,,,,,,,
 250,TT,,,,,,,,,,
 251,TT,,,,,,,,,,
 252,TT,,,,,,,,,,
 253,TT,,,,,,,,,,
 254,TT,,,,,,,,,,
 255,TT,,,,,,,,,,
 256,TT,,,,,,,,,,
 257,TT,,,,,,,,,,
 258,TT,,,,,,,,,,
 259,TT,,,,,,,,,,
 260,TT,,,,,,,,,,
 261,IC,,,,,,,,,,
 262,TT,,,,,,,,,,
 263,TT,,,,,,,,,,
 264,TT,,,,,,,,,,
 265,TT,,,,,,,,,,
 266,TT,,,,,,,,,,
 267,TT,,,,,,,,,,
 268,TT,,,,,,,,,,
 269,IC,,,,,,,,,,
 270,IC,,,,,,,,,,
 271,SC,,,,,,,,,,
 272,SC,,,,,,,,,,
 273,SC,,,,,,,,,,
 274,SC,,,,,,,,,,
 275,SC,,,,,,,,,,
 276,SO,,,,,,,,,,
 277,SO,,,,,,,,,,
 278,SO,,,,,,,,,,
 279,FS,,,,,,,,,,
 280,SC,,,,,,,,,,
 281,SC,,,,,,,,,,
 282,SO,,,,,,,,,,
 283,SO,,,,,,,,,,
 284,FS,,,,,,,,,,
 285,SC,,,,,,,,,,
 286,SC,,,,,,,,,,
 287,IC,,,,,,,,,,
 288,SC,,,,,,,,,,
 289,FS,,,,,,,,,,
 290,FS,,,,,,,,,,
 291,SC,,,,,,,,,,
 292,SC,,,,,,,,,,
 293,SC,,,,,,,,,,
 294,SC,,,,,,,,,,
 295,SC,,,,,,,,,,
 296,ST,,,,,,,,,,
 297,IC,,,,,,,,,,
 298,SO,,,,,,,,,,
 299,SC,,,,,,,,,,
 300,SC,,,,,,,,,,
 301,IC,,,,,,,,,,
 302,IC,,,,,,,,,,
 303,IC,,,,,,,,,,
 304,SC,,,,,,,,,,
 305,SC,,,,,,,,,,
 306,IC,,,,,,,,,,
 307,IC,,,,,,,,,,
 308,IC,,,,,,,,,,
 309,IC,,,,,,,,,,
 310,SC,,,,,,,,,,
 311,SC,,,,,,,,,,
 312,SC,,,,,,,,,,
 313,ST,,,,,,,,,,
 314,ST,,,,,,,,,,
 315,ST,,,,,,,,,,
 316,SS,,,,,,,,,,
 317,IC,,,,,,,,,,
 318,IC,,,,,,,,,,
 319,SO,,,,,,,,,,
 320,SO,,,,,,,,,,
 321,IC,,,,,,,,,,
 322,FS,,,,,,,,,,
 323,IC,,,,,,,,,,
 324,SC,,,,,,,,,,
 325,SS,,,,,,,,,,
 326,ST,,,,,,,,,,
 327,SS,,,,,,,,,,
 328,CR,,,,,,,,,,
 329,SC,,,,,,,,,,
 330,SC,,,,,,,,,,
 331,TT,,,,,,,,,,
 332,TT,,,,,,,,,,
 333,TT,,,,,,,,,,
 334,TT,,,,,,,,,,
 335,IC,,,,,,,,,,
 336,IC,,,,,,,,,,
 337,IC,,,,,,,,,,
 338,TT,,,,,,,,,,
 339,TT,,,,,,,,,,
 340,TT,,,,,,,,,,
 341,IC,,,,,,,,,,
 342,SC,,,,,,,,,,
 343,SS,,,,,,,,,,
 344,SS,,,,,,,,,,
 345,SS,,,,,,,,,,
 346,SC,,,,,,,,,,
 347,SC,,,,,,,,,,
 348,SC,,,,,,,,,,
 349,IC,,,,,,,,,,
 350,TT,,,,,,,,,,
 351,TT,,,,,,,,,,
 352,TT,,,,,,,,,,
 353,TT,,,,,,,,,,
 354,TT,,,,,,,,,,
 355,IC,,,,,,,,,,
 356,IC,,,,,,,,,,
 357,IC,,,,,,,,,,
 358,IC,,,,,,,,,,
 359,IC,,,,,,,,,,
 360,SO,,,,,,,,,,
 361,SC,,,,,,,,,,
 362,SC,,,,,,,,,,
 363,SC,,,,,,,,,,
 364,SC,,,,,,,,,,
 365,SC,,,,,,,,,,
 366,IC,,,,,,,,,,
 367,SS,,,,,,,,,,
 368,SS,,,,,,,,,,
 369,SS,,,,,,,,,,
 370,SC,,,,,,,,,,
 371,SC,,,,,,,,,,
 372,SC,,,,,,,,,,
 373,FS,,,,,,,,,,
 374,SO,,,,,,,,,,
 375,SC,,,,,,,,,,
 376,SC,,,,,,,,,,
 377,IC,,,,,,,,,,
 378,IC,,,,,,,,,,
 379,SC,,,,,,,,,,
 380,IC,,,,,,,,,,
 381,SO,,,,,,,,,,
 382,SC,,,,,,,,,,
 383,FS,,,,,,,,,,
 384,SC,,,,,,,,,,
 385,SC,,,,,,,,,,
 386,SC,,,,,,,,,,
 387,CR,,,,,,,,,,
 388,TT,,,,,,,,,,
 389,TT,,,,,,,,,,
 390,TT,,,,,,,,,,
 391,TT,,,,,,,,,,
 392,IC,,,,,,,,,,
 393,IC,,,,,,,,,,
 394,IC,,,,,,,,,,
 395,FS,,,,,,,,,,
 396,IC,,,,,,,,,,
 397,SC,,,,,,,,,,
 398,SC,,,,,,,,,,
 399,IC,,,,,,,,,,
 400,TT,,,,,,,,,,
 401,TT,,,,,,,,,,
 402,TT,,,,,,,,,,
 403,IC,,,,,,,,,,
 404,TT,,,,,,,,,,
 405,IC,,,,,,,,,,
 406,SC,,,,,,,,,,
 407,SC,,,,,,,,,,
 408,SC,,,,,,,,,,
 409,SC,,,,,,,,,,
 410,SC,,,,,,,,,,
 411,SC,,,,,,,,,,
 412,SC,,,,,,,,,,
 413,SS,,,,,,,,,,
 414,SS,,,,,,,,,,
 415,SS,,,,,,,,,,
 416,IC,,,,,,,,,,
 417,IC,,,,,,,,,,
 418,SC,,,,,,,,,,
 419,SC,,,,,,,,,,
 420,SC,,,,,,,,,,
 421,SC,,,,,,,,,,
 422,SC,,,,,,,,,,
 423,SC,,,,,,,,,,
 424,SS,,,,,,,,,,
 425,SS,,,,,,,,,,
 426,SS,,,,,,,,,,
 427,TT,,,,,,,,,,
 428,TT,,,,,,,,,,
 429,TT,,,,,,,,,,
 430,IC,,,,,,,,,,
 431,IC,,,,,,,,,,
 432,IC,,,,,,,,,,
 433,TT,,,,,,,,,,
 434,TT,,,,,,,,,,
 435,SC,,,,,,,,,,
 436,IC,,,,,,,,,,
 437,SS,,,,,,,,,,
 438,SS,,,,,,,,,,
 439,SS,,,,,,,,,,
 440,IC,,,,,,,,,,
 441,FS,,,,,,,,,,
 442,SC,,,,,,,,,,
 443,SS,,,,,,,,,,
 444,SS,,,,,,,,,,
 445,SS,,,,,,,,,,
 446,SC,,,,,,,,,,
 447,SC,,,,,,,,,,
 448,IC,,,,,,,,,,
 449,SO,,,,,,,,,,
 450,FS,,,,,,,,,,
 451,SC,,,,,,,,,,
 452,FS,,,,,,,,,,
 453,FS,,,,,,,,,,
 454,SO,,,,,,,,,,
 455,SO,,,,,,,,,,
 456,TT,,,,,,,,,,
 457,TT,,,,,,,,,,
 458,TT,,,,,,,,,,
 459,TT,,,,,,,,,,
 460,IC,,,,,,,,,,
 461,IC,,,,,,,,,,
 462,SC,,,,,,,,,,
 463,SC,,,,,,,,,,
 464,IC,,,,,,,,,,
 465,TT,,,,,,,,,,
 466,TT,,,,,,,,,,
 467,TT,,,,,,,,,,
 468,SC,,,,,,,,,,
 469,SS,,,,,,,,,,
 470,SC,,,,,,,,,,
 471,SC,,,,,,,,,,
 472,SC,,,,,,,,,,
 473,SC,,,,,,,,,,
 474,CR,,,,,,,,,,
 475,CR,,,,,,,,,,
 476,SS,,,,,,,,,,
 477,SS,,,,,,,,,,
 478,SS,,,,,,,,,,
 479,SC,,,,,,,,,,
 480,SC,,,,,,,,,,
 481,TT,,,,,,,,,,
 482,TT,,,,,,,,,,
 483,TT,,,,,,,,,,
 484,TT,,,,,,,,,,
 485,TT,,,,,,,,,,
 486,TT,,,,,,,,,,
 487,TT,,,,,,,,,,
 488,TT,,,,,,,,,,
 489,TT,,,,,,,,,,
 490,TT,,,,,,,,,,
 491,TT,,,,,,,,,,
 492,TT,,,,,,,,,,
 493,TT,,,,,,,,,,
 494,TT,,,,,,,,,,
 495,TT,,,,,,,,,,
 496,TT,,,,,,,,,,
 497,TT,,,,,,,,,,
 498,IC,,,,,,,,,,
 499,SC,,,,,,,,,,
 500,SO,,,,,,,,,,
 501,SO,,,,,,,,,,
 502,IC,,,,,,,,,,
 503,IC,,,,,,,,,,
 504,SC,,,,,,,,,,
 505,SC,,,,,,,,,,
 506,SC,,,,,,,,,,
 507,SS,,,,,,,,,,
 508,IC,,,,,,,,,,
 509,SS,,,,,,,,,,
 510,IC,,,,,,,,,,
 511,SC,,,,,,,,,,
 512,SC,,,,,,,,,,
 513,IC,,,,,,,,,,
 514,TT,,,,,,,,,,
 515,TT,,,,,,,,,,
 516,TT,,,,,,,,,,
 517,TT,,,,,,,,,,
 518,TT,,,,,,,,,,
 519,IC,,,,,,,,,,
 520,IC,,,,,,,,,,
 521,IC,,,,,,,,,,
 522,SS,,,,,,,,,,
 523,SS,,,,,,,,,,
 524,SC,,,,,,,,,,
 525,IC,,,,,,,,,,
 526,FS,,,,,,,,,,
 527,TT,,,,,,,,,,
 528,TT,,,,,,,,,,
 529,TT,,,,,,,,,,
 530,SS,,,,,,,,,,
 531,FS,,,,,,,,,,
 532,SC,,,,,,,,,,
 533,SC,,,,,,,,,,
 534,SC,,,,,,,,,,
 535,SC,,,,,,,,,,
 536,SC,,,,,,,,,,
 537,SS,,,,,,,,,,
 538,ST,,,,,,,,,,
 539,ST,,,,,,,,,,
 540,ST,,,,,,,,,,
 541,ST,,,,,,,,,,
 542,SO,,,,,,,,,,
 543,SO,,,,,,,,,,
 544,SO,,,,,,,,,,
 545,TT,,,,,,,,,,
 546,TT,,,,,,,,,,
 548,TT,,,,,,,,,,
 549,SC,,,,,,,,,,
 550,SO,,,,,,,,,,
 551,SO,,,,,,,,,,
 552,SS,,,,,,,,,,
 553,IC,,,,,,,,,,
 554,SC,,,,,,,,,,
 555,SC,,,,,,,,,,
 556,SC,,,,,,,,,,
 557,SC,,,,,,,,,,
 558,IC,,,,,,,,,,
 559,IC,,,,,,,,,,
 560,SC,,,,,,,,,,
 561,SC,,,,,,,,,,
 562,IC,,,,,,,,,,
 563,SS,,,,,,,,,,
 564,SS,,,,,,,,,,
 565,IC,,,,,,,,,,
 566,SO,,,,,,,,,,
 567,FS,,,,,,,,,,
 568,SC,,,,,,,,,,
 569,IC,,,,,,,,,,
 570,IC,,,,,,,,,,
 571,CR,,,,,,,,,,
 572,SS,,,,,,,,,,
 573,SS,,,,,,,,,,
 574,SS,,,,,,,,,,
 575,SC,,,,,,,,,,
 576,SC,,,,,,,,,,
 577,SC,,,,,,,,,,
 578,SC,,,,,,,,,,
 579,SC,,,,,,,,,,
 580,IC,,,,,,,,,,
 581,TT,,,,,,,,,,
 582,TT,,,,,,,,,,
 583,TT,,,,,,,,,,
 584,SC,,,,,,,,,,
 585,SC,,,,,,,,,,
 586,SC,,,,,,,,,,
 587,SC,,,,,,,,,,
 588,IC,,,,,,,,,,
 589,IC,,,,,,,,,,
 590,TT,,,,,,,,,,
 591,TT,,,,,,,,,,
 592,TT,,,,,,,,,,
 593,TT,,,,,,,,,,
 594,IC,,,,,,,,,,
 595,SC,,,,,,,,,,
 596,CR,,,,,,,,,,
 597,SO,,,,,,,,,,
 598,SC,,,,,,,,,,
 599,SC,,,,,,,,,,
 600,SC,,,,,,,,,,
 601,SC,,,,,,,,,,
 602,IC,,,,,,,,,,
 603,IC,,,,,,,,,,
 604,IC,,,,,,,,,,
 605,SC,,,,,,,,,,
 606,SC,,,,,,,,,,
 607,IC,,,,,,,,,,
 608,IC,,,,,,,,,,
 609,FS,,,,,,,,,,
 610,IC,,,,,,,,,,
 611,SO,,,,,,,,,,
 612,SO,,,,,,,,,,
 613,SO,,,,,,,,,,
 614,SO,,,,,,,,,,
 615,SC,,,,,,,,,,
 616,IC,,,,,,,,,,
 617,SO,,,,,,,,,,
 618,SO,,,,,,,,,,
 619,SO,,,,,,,,,,
 620,FS,,,,,,,,,,
 621,FS,,,,,,,,,,
 622,FS,,,,,,,,,,
 623,SS,,,,,,,,,,
 624,ST,,,,,,,,,,
 625,ST,,,,,,,,,,
 626,SS,,,,,,,,,,
 627,CR,,,,,,,,,,
 628,CR,,,,,,,,,,
 629,CR,,,,,,,,,,
 630,SS,,,,,,,,,,
 631,SS,,,,,,,,,,
 632,SS,,,,,,,,,,
 633,CR,,,,,,,,,,
 634,CR,,,,,,,,,,
 635,SO,,,,,,,,,,
 636,SO,,,,,,,,,,
 637,FS,,,,,,,,,,
 638,SC,,,,,,,,,,
 639,FS,,,,,,,,,,
 640,FS,,,,,,,,,,
 641,FS,,,,,,,,,,
 642,SO,,,,,,,,,,
 643,SC,,,,,,,,,,
 644,IC,,,,,,,,,,
 645,TT,,,,,,,,,,
 647,TT,,,,,,,,,,
 648,TT,,,,,,,,,,
 649,IC,,,,,,,,,,
 650,IC,,,,,,,,,,
 651,IC,,,,,,,,,,
 652,IC,,,,,,,,,,
 653,SC,,,,,,,,,,
 654,SO,,,,,,,,,,
 655,SC,,,,,,,,,,
 656,SC,,,,,,,,,,
 657,SC,,,,,,,,,,
 658,IC,,,,,,,,,,
 659,TT,,,,,,,,,,
 660,TT,,,,,,,,,,
 661,TT,,,,,,,,,,
 662,IC,,,,,,,,,,
 663,SC,,,,,,,,,,
 664,SO,,,,,,,,,,
 665,SC,,,,,,,,,,
 666,SC,,,,,,,,,,
 667,FS,,,,,,,,,,
 668,FS,,,,,,,,,,
 669,SO,,,,,,,,,,
 670,SO,,,,,,,,,,
 671,SS,,,,,,,,,,
 672,SS,,,,,,,,,,
 673,TT,,,,,,,,,,
 674,TT,,,,,,,,,,
 675,TT,,,,,,,,,,
 676,TT,,,,,,,,,,
 677,IC,,,,,,,,,,
 678,SC,,,,,,,,,,
 679,SC,,,,,,,,,,
 680,SC,,,,,,,,,,
 681,SC,,,,,,,,,,
 682,SC,,,,,,,,,,
 683,IC,,,,,,,,,,
 684,TT,,,,,,,,,,
 685,SS,,,,,,,,,,
 686,SS,,,,,,,,,,
 687,SS,,,,,,,,,,
 688,SS,,,,,,,,,,
 689,SC,,,,,,,,,,
 690,SC,,,,,,,,,,
 691,IC,,,,,,,,,,
 692,IC,,,,,,,,,,
 693,IC,,,,,,,,,,
 694,IC,,,,,,,,,,
 695,IC,,,,,,,,,,
 696,IC,,,,,,,,,,
 697,SC,,,,,,,,,,
 698,SC,,,,,,,,,,
 699,SC,,,,,,,,,,
 700,SC,,,,,,,,,,
 701,SS,,,,,,,,,,
 702,ST,,,,,,,,,,
 703,ST,,,,,,,,,,
 704,SO,,,,,,,,,,
 705,IC,,,,,,,,,,
 706,TT,,,,,,,,,,
 707,IC,,,,,,,,,,
 708,SO,,,,,,,,,,
 709,FS,,,,,,,,,,
 711,FS,,,,,,,,,,
 712,SO,,,,,,,,,,
 713,SC,,,,,,,,,,
 714,SS,,,,,,,,,,
 715,SS,,,,,,,,,,
 716,SS,,,,,,,,,,
 717,IC,,,,,,,,,,
 718,SC,,,,,,,,,,
 719,SC,,,,,,,,,,
 720,ST,,,,,,,,,,
 721,SS,,,,,,,,,,
 722,SS,,,,,,,,,,
 723,SC,,,,,,,,,,
 724,SC,,,,,,,,,,
 726,SC,,,,,,,,,,
 727,IC,,,,,,,,,,
 728,TT,,,,,,,,,,
 729,TT,,,,,,,,,,
 730,TT,,,,,,,,,,
 731,TT,,,,,,,,,,
 732,TT,,,,,,,,,,
 733,TT,,,,,,,,,,
 734,TT,,,,,,,,,,
 735,TT,,,,,,,,,,
 736,TT,,,,,,,,,,
 737,IC,,,,,,,,,,
 738,IC,,,,,,,,,,
 739,IC,,,,,,,,,,
 740,TT,,,,,,,,,,
 741,TT,,,,,,,,,,
 742,SS,,,,,,,,,,
 743,ST,,,,,,,,,,
 744,ST,,,,,,,,,,
 745,SS,,,,,,,,,,
 746,SO,,,,,,,,,,
 747,SC,,,,,,,,,,
 748,SO,,,,,,,,,,
 749,SO,,,,,,,,,,
 750,SO,,,,,,,,,,
 751,SS,,,,,,,,,,
 752,SS,,,,,,,,,,
 753,SS,,,,,,,,,,
 754,SC,,,,,,,,,,
 755,SC,,,,,,,,,,
 756,SO,,,,,,,,,,
 757,SO,,,,,,,,,,
 758,FS,,,,,,,,,,
 759,SC,,,,,,,,,,
 760,SC,,,,,,,,,,
 761,IC,,,,,,,,,,
 762,SS,,,,,,,,,,
 763,SC,,,,,,,,,,
 764,ST,,,,,,,,,,
 765,SC,,,,,,,,,,
 766,SC,,,,,,,,,,
 767,SC,,,,,,,,,,
 768,SC,,,,,,,,,,
 769,SC,,,,,,,,,,
 770,SC,,,,,,,,,,
 771,SC,,,,,,,,,,
 772,SC,,,,,,,,,,
 773,SC,,,,,,,,,,
 774,SS,,,,,,,,,,
 775,SS,,,,,,,,,,
 776,SS,,,,,,,,,,
 777,IC,,,,,,,,,,
 778,IC,,,,,,,,,,
 779,SC,,,,,,,,,,
 780,SO,,,,,,,,,,
 781,SO,,,,,,,,,,
 782,SO,,,,,,,,,,
 783,SO,,,,,,,,,,
 784,IC,,,,,,,,,,
 785,SC,,,,,,,,,,
 786,SS,,,,,,,,,,
 787,SS,,,,,,,,,,
 788,SC,,,,,,,,,,
 789,IC,,,,,,,,,,
 790,TT,,,,,,,,,,
 791,TT,,,,,,,,,,
 792,IC,,,,,,,,,,
 793,SC,,,,,,,,,,
 794,SC,,,,,,,,,,
 795,SC,,,,,,,,,,
 796,SC,,,,,,,,,,
 797,SC,,,,,,,,,,
 798,FS,,,,,,,,,,
 799,FS,,,,,,,,,,
 800,IC,,,,,,,,,,
 801,IC,,,,,,,,,,
 802,TT,,,,,,,,,,
 803,TT,,,,,,,,,,
 804,SS,,,,,,,,,,
 805,ST,,,,,,,,,,
 806,ST,,,,,,,,,,
 807,SC,,,,,,,,,,
 808,SS,,,,,,,,,,
 809,CR,,,,,,,,,,
 810,SS,,,,,,,,,,
 811,SC,,,,,,,,,,
 812,IC,,,,,,,,,,
 813,TT,,,,,,,,,,
 814,TT,,,,,,,,,,
 815,TT,,,,,,,,,,
 816,TT,,,,,,,,,,
 817,TT,,,,,,,,,,
 818,IC,,,,,,,,,,
 819,SO,,,,,,,,,,
 820,SO,,,,,,,,,,
 821,SO,,,,,,,,,,
 822,FS,,,,,,,,,,
 823,SC,,,,,,,,,,
 824,SC,,,,,,,,,,
 825,IC,,,,,,,,,,
 826,IC,,,,,,,,,,
 827,TT,,,,,,,,,,
 828,IC,,,,,,,,,,
 829,SC,,,,,,,,,,
 830,SC,,,,,,,,,,
 831,FS,,,,,,,,,,
 832,SO,,,,,,,,,,
 833,SO,,,,,,,,,,
 834,SC,,,,,,,,,,
 835,IC,,,,,,,,,,
 836,SS,,,,,,,,,,
 837,SS,,,,,,,,,,
 838,ST,,,,,,,,,,
 839,SS,,,,,,,,,,
 840,SS,,,,,,,,,,
 841,SS,,,,,,,,,,
 842,SS,,,,,,,,,,
 843,SS,,,,,,,,,,
 844,CR,,,,,,,,,,
 845,SC,,,,,,,,,,
 846,IC,,,,,,,,,,
 847,SC,,,,,,,,,,
 848,SC,,,,,,,,,,
 849,IC,,,,,,,,,,
 850,SC,,,,,,,,,,
 851,SC,,,,,,,,,,
 852,SS,,,,,,,,,,
 853,SS,,,,,,,,,,
 854,SS,,,,,,,,,,
 855,IC,,,,,,,,,,
 856,IC,,,,,,,,,,
 857,CR,,,,,,,,,,
 858,CR,,,,,,,,,,
 859,SS,,,,,,,,,,
 860,SC,,,,,,,,,,
 861,SC,,,,,,,,,,
 862,SC,,,,,,,,,,
 863,IC,,,,,,,,,,
 864,IC,,,,,,,,,,
 865,IC,,,,,,,,,,
 866,IC,,,,,,,,,,
 867,IC,,,,,,,,,,
 868,TT,,,,,,,,,,
 869,TT,,,,,,,,,,
 870,TT,,,,,,,,,,
 871,SS,,,,,,,,,,
 872,SS,,,,,,,,,,
 873,SC,,,,,,,,,,
 874,SC,,,,,,,,,,
 875,TT,,,,,,,,,,
 876,TT,,,,,,,,,,
 877,SC,,,,,,,,,,
 878,SS,,,,,,,,,,
 879,SS,,,,,,,,,,
 880,SS,,,,,,,,,,
 881,IC,,,,,,,,,,
 882,IC,,,,,,,,,,
 883,SC,,,,,,,,,,
 884,SC,,,,,,,,,,
 885,SC,,,,,,,,,,
 886,SC,,,,,,,,,,
 887,SC,,,,,,,,,,
 888,IC,,,,,,,,,,
 889,IC,,,,,,,,,,
 890,SC,,,,,,,,,,
 891,SC,,,,,,,,,,
 892,SS,,,,,,,,,,
 893,SS,,,,,,,,,,
 894,SS,,,,,,,,,,
 895,IC,,,,,,,,,,
 896,IC,,,,,,,,,,
 897,SC,,,,,,,,,,
 898,SC,,,,,,,,,,
 899,IC,,,,,,,,,,
 900,TT,,,,,,,,,,
 901,TT,,,,,,,,,,
 902,IC,,,,,,,,,,
 903,TT,,,,,,,,,,
 904,TT,,,,,,,,,,
 905,IC,,,,,,,,,,
 906,IC,,,,,,,,,,
 907,IC,,,,,,,,,,
 908,SS,,,,,,,,,,
 909,SS,,,,,,,,,,
 910,SS,,,,,,,,,,
 911,SC,,,,,,,,,,
 912,IC,,,,,,,,,,
 913,IC,,,,,,,,,,
 914,SC,,,,,,,,,,
 915,SC,,,,,,,,,,
 916,SC,,,,,,,,,,
 917,SS,,,,,,,,,,
 918,SS,,,,,,,,,,
 919,SS,,,,,,,,,,
 920,SC,,,,,,,,,,
 921,SC,,,,,,,,,,
 922,SS,,,,,,,,,,
 923,SS,,,,,,,,,,
 924,ST,,,,,,,,,,
 925,ST,,,,,,,,,,
 926,SS,,,,,,,,,,
 927,SS,,,,,,,,,,
 928,ST,,,,,,,,,,
 929,ST,,,,,,,,,,
 930,ST,,,,,,,,,,
 931,ST,,,,,,,,,,
 932,ST,,,,,,,,,,
 933,ST,,,,,,,,,,
 934,SS,,,,,,,,,,
 935,SS,,,,,,,,,,
 936,SS,,,,,,,,,,
 937,TT,,,,,,,,,,
 938,IC,,,,,,,,,,
 939,IC,,,,,,,,,,
 940,IC,,,,,,,,,,
 941,SC,,,,,,,,,,
 942,IC,,,,,,,,,,
 943,SC,,,,,,,,,,
 944,SC,,,,,,,,,,
 945,SC,,,,,,,,,,
 946,IC,,,,,,,,,,
 947,SS,,,,,,,,,,
 948,SS,,,,,,,,,,
 949,SS,,,,,,,,,,
 950,CR,,,,,,,,,,
 951,SC,,,,,,,,,,
 952,SC,,,,,,,,,,
 953,SC,,,,,,,,,,
 954,SS,,,,,,,,,,
 955,SS,,,,,,,,,,
 956,SC,,,,,,,,,,
 957,SC,,,,,,,,,,
 958,SC,,,,,,,,,,
 959,IC,,,,,,,,,,
 960,TT,,,,,,,,,,
 961,SS,,,,,,,,,,
 962,SC,,,,,,,,,,
 963,SC,,,,,,,,,,
 964,SC,,,,,,,,,,
 965,SC,,,,,,,,,,
 966,SC,,,,,,,,,,
 967,SC,,,,,,,,,,
 968,SC,,,,,,,,,,
 969,IC,,,,,,,,,,
 970,IC,,,,,,,,,,
 971,IC,,,,,,,,,,
 972,SC,,,,,,,,,,
 973,IC,,,,,,,,,,
 974,SC,,,,,,,,,,
 975,SC,,,,,,,,,,
 976,SC,,,,,,,,,,
 977,IC,,,,,,,,,,
 978,IC,,,,,,,,,,
 979,TT,,,,,,,,,,
 980,TT,,,,,,,,,,
 981,TT,,,,,,,,,,
 982,TT,,,,,,,,,,
 983,TT,,,,,,,,,,
 984,IC,,,,,,,,,,
 985,IC,,,,,,,,,,
 986,IC,,,,,,,,,,
 987,SS,,,,,,,,,,
 988,SO,,,,,,,,,,
 989,SO,,,,,,,,,,
 990,SO,,,,,,,,,,
 991,IC,,,,,,,,,,
 992,IC,,,,,,,,,,
 993,SS,,,,,,,,,,
 995,SS,,,,,,,,,,
 996,IC,,,,,,,,,,
 997,SC,,,,,,,,,,
 998,SC,,,,,,,,,,
 999,SC,,,,,,,,,,
1000,SC,,,,,,,,,,
1001,SS,,,,,,,,,,
1002,ST,,,,,,,,,,
1003,SO,,,,,,,,,,
1004,SO,,,,,,,,,,
1005,SC,,,,,,,,,,
1006,IC,,,,,,,,,,
1007,IC,,,,,,,,,,
1008,SS,,,,,,,,,,
1009,SS,,,,,,,,,,
1010,SC,,,,,,,,,,
1011,IC,,,,,,,,,,
1012,IC,,,,,,,,,,
1013,TT,,,,,,,,,,
1014,IC,,,,,,,,,,
1015,SO,,,,,,,,,,
1016,SO,,,,,,,,,,
1017,SC,,,,,,,,,,
1018,IC,,,,,,,,,,
1019,IC,,,,,,,,,,
1020,TT,,,,,,,,,,
1021,IC,,,,,,,,,,
1022,IC,,,,,,,,,,
1023,FS,,,,,,,,,,
1024,IC,,,,,,,,,,
1025,IC,,,,,,,,,,
1026,FS,,,,,,,,,,
1027,SC,,,,,,,,,,
1028,IC,,,,,,,,,,
1029,TT,,,,,,,,,,
1030,TT,,,,,,,,,,
1031,IC,,,,,,,,,,
1032,TT,,,,,,,,,,
1033,TT,,,,,,,,,,
1034,TT,,,,,,,,,,
1035,TT,,,,,,,,,,
1036,TT,,,,,,,,,,
1037,TT,,,,,,,,,,
1038,TT,,,,,,,,,,
1039,TT,,,,,,,,,,
1040,TT,,,,,,,,,,
1041,IC,,,,,,,,,,
1042,IC,,,,,,,,,,
1043,SC,,,,,,,,,,
1044,IC,,,,,,,,,,
1045,IC,,,,,,,,,,
1046,IC,,,,,,,,,,
1047,IC,,,,,,,,,,
1048,SC,,,,,,,,,,
1049,SC,,,,,,,,,,
1050,SC,,,,,,,,,,
1051,SC,,,,,,,,,,
1052,FS,,,,,,,,,,
1053,SC,,,,,,,,,,
1054,SC,,,,,,,,,,
1055,SC,,,,,,,,,,
1056,IC,,,,,,,,,,
1057,TT,,,,,,,,,,
1058,TT,,,,,,,,,,
1059,TT,,,,,,,,,,
1060,TT,,,,,,,,,,
1061,TT,,,,,,,,,,
1062,TT,,,,,,,,,,
1063,TT,,,,,,,,,,
1064,TT,,,,,,,,,,
1065,TT,,,,,,,,,,
1066,TT,,,,,,,,,,
1067,TT,,,,,,,,,,
1068,SO,,,,,,,,,,
1069,SO,,,,,,,,,,
1070,SC,,,,,,,,,,
1071,SO,,,,,,,,,,
1072,SO,,,,,,,,,,
1073,SO,,,,,,,,,,
1074,SO,,,,,,,,,,
1075,SO,,,,,,,,,,
1076,SO,,,,,,,,,,
1077,SC,,,,,,,,,,
1078,IC,,,,,,,,,,
1079,SC,,,,,,,,,,
1080,SC,,,,,,,,,,
1081,SC,,,,,,,,,,
1082,IC,,,,,,,,,,
1083,IC,,,,,,,,,,
1084,IC,,,,,,,,,,
1085,IC,,,,,,,,,,
1086,SO,,,,,,,,,,
1087,SS,,,,,,,,,,
1088,ST,,,,,,,,,,
1089,SS,,,,,,,,,,
1090,SC,,,,,,,,,,
1091,SC,,,,,,,,,,
1092,SC,,,,,,,,,,
1093,SC,,,,,,,,,,
1094,FS,,,,,,,,,,
1095,TT,,,,,,,,,,
1096,IC,,,,,,,,,,
1097,SC,,,,,,,,,,
1098,SC,,,,,,,,,,
1099,SO,,,,,,,,,,
1100,SO,,,,,,,,,,
1101,IC,,,,,,,,,,
1102,IC,,,,,,,,,,
1103,IC,,,,,,,,,,
1104,SC,,,,,,,,,,
1105,IC,,,,,,,,,,
1106,IC,,,,,,,,,,
1107,IC,,,,,,,,,,
1108,TT,,,,,,,,,,
1109,IC,,,,,,,,,,
1110,IC,,,,,,,,,,
1111,SO,,,,,,,,,,
1112,SO,,,,,,,,,,
1113,SC,,,,,,,,,,
1114,SC,,,,,,,,,,
1115,SC,,,,,,,,,,
1116,SC,,,,,,,,,,
1117,SC,,,,,,,,,,
1118,SO,,,,,,,,,,
1119,SO,,,,,,,,,,
1120,FS,,,,,,,,,,
1121,FS,,,,,,,,,,
1122,TT,,,,,,,,,,
1123,IC,,,,,,,,,,
1124,FS,,,,,,,,,,
1125,IC,,,,,,,,,,
1126,TT,,,,,,,,,,
1127,TT,,,,,,,,,,
1128,TT,,,,,,,,,,
1129,TT,,,,,,,,,,
1130,TT,,,,,,,,,,
1131,TT,,,,,,,,,,
1132,TT,,,,,,,,,,
1133,TT,,,,,,,,,,
1134,TT,,,,,,,,,,
1135,TT,,,,,,,,,,
1136,TT,,,,,,,,,,
1137,TT,,,,,,,,,,
1138,TT,,,,,,,,,,
1139,TT,,,,,,,,,,
1140,TT,,,,,,,,,,
1141,TT,,,,,,,,,,
1142,TT,,,,,,,,,,
1143,TT,,,,,,,,,,
1144,TT,,,,,,,,,,
1145,TT,,,,,,,,,,
1146,TT,,,,,,,,,,
1147,TT,,,,,,,,,,
1148,TT,,,,,,,,,,
1149,TT,,,,,,,,,,
1150,TT,,,,,,,,,,
1151,TT,,,,,,,,,,
1152,IC,,,,,,,,,,
1153,SC,,,,,,,,,,
1154,IC,,,,,,,,,,
1155,IC,,,,,,,,,,
1156,IC,,,,,,,,,,
1157,SC,,,,,,,,,,
1158,SC,,,,,,,,,,
1159,SC,,,,,,,,,,
1160,IC,,,,,,,,,,
1161,IC,,,,,,,,,,
1162,IC,,,,,,,,,,
1163,IC,,,,,,,,,,
1164,SC,,,,,,,,,,
1165,SC,,,,,,,,,,
1166,SC,,,,,,,,,,
1167,SC,,,,,,,,,,
1168,SC,,,,,,,,,,
1169,SC,,,,,,,,,,
1170,SC,,,,,,,,,,
1171,SC,,,,,,,,,,
1172,SC,,,,,,,,,,
1173,SC,,,,,,,,,,
1174,SO,,,,,,,,,,
1175,SO,,,,,,,,,,
1176,SS,,,,,,,,,,
1177,SS,,,,,,,,,,
1178,SS,,,,,,,,,,
1179,FS,,,,,,,,,,
1180,SO,,,,,,,,,,
1181,SC,,,,,,,,,,
1182,IC,,,,,,,,,,
1183,IC,,,,,,,,,,
1184,IC,,,,,,,,,,
1185,SO,,,,,,,,,,
1186,SO,,,,,,,,,,
1187,SO,,,,,,,,,,
1188,SO,,,,,,,,,,
1189,SO,,,,,,,,,,
1190,SC,,,,,,,,,,
1191,FS,,,,,,,,,,
1192,SO,,,,,,,,,,
1193,SC,,,,,,,,,,
1194,IC,,,,,,,,,,
1195,TT,,,,,,,,,,
1196,IC,,,,,,,,,,
1197,SC,,,,,,,,,,
1198,SC,,,,,,,,,,
1199,SC,,,,,,,,,,
1200,SO,,,,,,,,,,
1201,SO,,,,,,,,,,
1202,SC,,,,,,,,,,
1203,IC,,,,,,,,,,
1204,IC,,,,,,,,,,
1205,TT,,,,,,,,,,
1206,TT,,,,,,,,,,
1207,TT,,,,,,,,,,
1208,TT,,,,,,,,,,
1209,TT,,,,,,,,,,
1210,TT,,,,,,,,,,
1211,TT,,,,,,,,,,
1212,TT,,,,,,,,,,
1213,TT,,,,,,,,,,
1214,TT,,,,,,,,,,
1215,TT,,,,,,,,,,
1216,SS,,,,,,,,,,
1218,SS,,,,,,,,,,
1219,IC,,,,,,,,,,
1220,SO,,,,,,,,,,
1221,SO,,,,,,,,,,
1222,IC,,,,,,,,,,
1223,TT,,,,,,,,,,
1224,TT,,,,,,,,,,
1225,TT,,,,,,,,,,
1226,TT,,,,,,,,,,
1227,TT,,,,,,,,,,
1228,IC,,,,,,,,,,
1229,IC,,,,,,,,,,
1230,SC,,,,,,,,,,
1231,IC,,,,,,,,,,
1232,SC,,,,,,,,,,
1233,SC,,,,,,,,,,
1234,SO,,,,,,,,,,
1235,IC,,,,,,,,,,
1236,IC,,,,,,,,,,
1237,IC,,,,,,,,,,
1238,SC,,,,,,,,,,
1239,SC,,,,,,,,,,
1240,SC,,,,,,,,,,
1241,SC,,,,,,,,,,
1242,SC,,,,,,,,,,
1243,SC,,,,,,,,,,
1244,SO,,,,,,,,,,
1245,FS,,,,,,,,,,
1246,FS,,,,,,,,,,
1247,FS,,,,,,,,,,
1248,SC,,,,,,,,,,
1249,SC,,,,,,,,,,
1250,SC,,,,,,,,,,
1251,IC,,,,,,,,,,
1252,IC,,,,,,,,,,
1253,IC,,,,,,,,,,
1254,IC,,,,,,,,,,
1255,IC,,,,,,,,,,
1256,IC,,,,,,,,,,
1257,TT,,,,,,,,,,
1258,TT,,,,,,,,,,
1259,TT,,,,,,,,,,
1260,IC,,,,,,,,,,
1261,FS,,,,,,,,,,
1262,FS,,,,,,,,,,
1263,FS,,,,,,,,,,
1264,FS,,,,,,,,,,
1265,TT,,,,,,,,,,
1266,TT,,,,,,,,,,
1267,TT,,,,,,,,,,
1268,TT,,,,,,,,,,
1269,TT,,,,,,,,,,
1270,TT,,,,,,,,,,
1271,TT,,,,,,,,,,
1272,TT,,,,,,,,,,
1273,TT,,,,,,,,,,
1274,TT,,,,,,,,,,
1275,IC,,,,,,,,,,
1276,IC,,,,,,,,,,
1277,TT,,,,,,,,,,
1278,TT,,,,,,,,,,
1279,TT,,,,,,,,,,
1280,TT,,,,,,,,,,
1281,TT,,,,,,,,,,
1282,TT,,,,,,,,,,
1283,TT,,,,,,,,,,
1284,TT,,,,,,,,,,
1285,TT,,,,,,,,,,
1286,TT,,,,,,,,,,
1287,TT,,,,,,,,,,
1288,TT,,,,,,,,,,
1289,TT,,,,,,,,,,
1290,TT,,,,,,,,,,
1291,TT,,,,,,,,,,
1292,IC,,,,,,,,,,
1293,FS,,,,,,,,,,
1294,FS,,,,,,,,,,
1295,IC,,,,,,,,,,
1296,SC,,,,,,,,,,
1297,FS,,,,,,,,,,
1298,SC,,,,,,,,,,
1299,SC,,,,,,,,,,
1300,IC,,,,,,,,,,
1301,TT,,,,,,,,,,
1302,TT,,,,,,,,,,
1303,SO,,,,,,,,,,
1304,SO,,,,,,,,,,
1305,SO,,,,,,,,,,
1306,SO,,,,,,,,,,
1307,SC,,,,,,,,,,
1308,SC,,,,,,,,,,
1309,SC,,,,,,,,,,
1310,SC,,,,,,,,,,
1311,SC,,,,,,,,,,
1312,SO,,,,,,,,,,
1313,SO,,,,,,,,,,
1314,IC,,,,,,,,,,
1315,IC,,,,,,,,,,
1316,SS,,,,,,,,,,
1317,ST,,,,,,,,,,
1318,SS,,,,,,,,,,
1319,SO,,,,,,,,,,
1320,SO,,,,,,,,,,
1321,SC,,,,,,,,,,
1322,FS,,,,,,,,,,
1323,SC,,,,,,,,,,
1324,SC,,,,,,,,,,
1325,SC,,,,,,,,,,
1326,SC,,,,,,,,,,
1327,SC,,,,,,,,,,
1328,SC,,,,,,,,,,
1329,IC,,,,,,,,,,
1330,TT,,,,,,,,,,
1331,SS,,,,,,,,,,
1332,SS,,,,,,,,,,
1333,SC,,,,,,,,,,
1334,SO,,,,,,,,,,
1335,FS,,,,,,,,,,
1336,FS,,,,,,,,,,
1337,FS,,,,,,,,,,
1338,SO,,,,,,,,,,
1339,FS,,,,,,,,,,
1340,FS,,,,,,,,,,
1341,SC,,,,,,,,,,
1342,IC,,,,,,,,,,
1343,IC,,,,,,,,,,
1344,IC,,,,,,,,,,
1345,SC,,,,,,,,,,
1346,SO,,,,,,,,,,
1347,SO,,,,,,,,,,
1348,SC,,,,,,,,,,
1349,IC,,,,,,,,,,
1350,IC,,,,,,,,,,
1351,IC,,,,,,,,,,
1352,SO,,,,,,,,,,
1353,SO,,,,,,,,,,
1354,SO,,,,,,,,,,
1355,FS,,,,,,,,,,
1356,FS,,,,,,,,,,
1357,FS,,,,,,,,,,
1358,FS,,,,,,,,,,
1359,IC,,,,,,,,,,
1360,TT,,,,,,,,,,
1361,TT,,,,,,,,,,
1362,TT,,,,,,,,,,
1363,TT,,,,,,,,,,
1364,TT,,,,,,,,,,
1365,TT,,,,,,,,,,
1366,TT,,,,,,,,,,
1367,TT,,,,,,,,,,
1368,IC,,,,,,,,,,
1369,IC,,,,,,,,,,
1370,SC,,,,,,,,,,
1371,SC,,,,,,,,,,
1372,FS,,,,,,,,,,
1373,FS,,,,,,,,,,
1374,FS,,,,,,,,,,
1375,SO,,,,,,,,,,
1376,SC,,,,,,,,,,
1377,SS,,,,,,,,,,
1378,SS,,,,,,,,,,
1379,SS,,,,,,,,,,
1380,SC,,,,,,,,,,
1381,IC,,,,,,,,,,
1382,IC,,,,,,,,,,
1383,IC,,,,,,,,,,
1384,IC,,,,,,,,,,
1385,SS,,,,,,,,,,
1386,IC,,,,,,,,,,
1387,IC,,,,,,,,,,
1388,FS,,,,,,,,,,
1389,SO,,,,,,,,,,
1390,IC,,,,,,,,,,
1391,TT,,,,,,,,,,
1392,TT,,,,,,,,,,
1393,TT,,,,,,,,,,
1394,SS,,,,,,,,,,
1395,SS,,,,,,,,,,
1396,SS,,,,,,,,,,
1397,SO,,,,,,,,,,
1398,SO,,,,,,,,,,
1399,SC,,,,,,,,,,
1400,SC,,,,,,,,,,
1401,SC,,,,,,,,,,
1402,SC,,,,,,,,,,
1403,SC,,,,,,,,,,
1404,SC,,,,,,,,,,
1405,SC,,,,,,,,,,
1406,SC,,,,,,,,,,
1407,SC,,,,,,,,,,
1408,IC,,,,,,,,,,
1409,IC,,,,,,,,,,
1410,IC,,,,,,,,,,
1411,IC,,,,,,,,,,
1412,FS,,,,,,,,,,
1413,FS,,,,,,,,,,
1414,TT,,,,,,,,,,
1415,TT,,,,,,,,,,
1416,FS,,,,,,,,,,
1417,FS,,,,,,,,,,
1418,FS,,,,,,,,,,
1419,TT,,,,,,,,,,
1420,TT,,,,,,,,,,
1421,SC,,,,,,,,,,
1422,SC,,,,,,,,,,
1423,IC,,,,,,,,,,
1424,TT,,,,,,,,,,
1425,TT,,,,,,,,,,
1426,TT,,,,,,,,,,
1427,TT,,,,,,,,,,
1428,TT,,,,,,,,,,
1429,IC,,,,,,,,,,
1430,IC,,,,,,,,,,
1431,IC,,,,,,,,,,
1432,SC,,,,,,,,,,
1433,SC,,,,,,,,,,
1434,SC,,,,,,,,,,
1435,SC,,,,,,,,,,
1436,IC,,,,,,,,,,
1437,CR,,,,,,,,,,
1438,CR,,,,,,,,,,
1439,FS,,,,,,,,,,
1440,FS,,,,,,,,,,
1441,SO,,,,,,,,,,
1442,SO,,,,,,,,,,
1443,SC,,,,,,,,,,
1444,IC,,,,,,,,,,
1445,IC,,,,,,,,,,
1446,TT,,,,,,,,,,
1447,TT,,,,,,,,,,
1448,TT,,,,,,,,,,
1449,FS,,,,,,,,,,
1450,FS,,,,,,,,,,
1451,SO,,,,,,,,,,
1452,FS,,,,,,,,,,
1453,SO,,,,,,,,,,
1454,SS,,,,,,,,,,
1455,SS,,,,,,,,,,
1456,SS,,,,,,,,,,
1457,SC,,,,,,,,,,
1458,SC,,,,,,,,,,
1459,IC,,,,,,,,,,
1460,FS,,,,,,,,,,
1461,FS,,,,,,,,,,
1462,TT,,,,,,,,,,
1463,TT,,,,,,,,,,
1464,IC,,,,,,,,,,
1465,IC,,,,,,,,,,
1466,IC,,,,,,,,,,
1467,SS,,,,,,,,,,
1468,SC,,,,,,,,,,
1469,IC,,,,,,,,,,
1470,TT,,,,,,,,,,
1471,TT,,,,,,,,,,
1472,IC,,,,,,,,,,
1473,IC,,,,,,,,,,
1474,SC,,,,,,,,,,
1475,IC,,,,,,,,,,
1476,SC,,,,,,,,,,
1477,SC,,,,,,,,,,
1478,SS,,,,,,,,,,
1479,SS,,,,,,,,,,
1480,SS,,,,,,,,,,
1481,IC,,,,,,,,,,
1482,SC,,,,,,,,,,
1483,SC,,,,,,,,,,
1484,SC,,,,,,,,,,
1485,IC,,,,,,,,,,
1486,SO,,,,,,,,,,
1487,FS,,,,,,,,,,
1488,SO,,,,,,,,,,
1489,FS,,,,,,,,,,
1490,FS,,,,,,,,,,
1491,SO,,,,,,,,,,
1492,SO,,,,,,,,,,
1493,SC,,,,,,,,,,
1494,SC,,,,,,,,,,
1495,SO,,,,,,,,,,
1496,SO,,,,,,,,,,
1497,TT,,,,,,,,,,
1498,IC,,,,,,,,,,
1499,SS,,,,,,,,,,
1500,ST,,,,,,,,,,
1501,ST,,,,,,,,,,
1502,SO,,,,,,,,,,
1503,SO,,,,,,,,,,
1504,IC,,,,,,,,,,
1505,SC,,,,,,,,,,
1506,SO,,,,,,,,,,
1507,SO,,,,,,,,,,
1508,SO,,,,,,,,,,
1509,SC,,,,,,,,,,
1510,SC,,,,,,,,,,
1511,SC,,,,,,,,,,
1513,SO,,,,,,,,,,
1514,SO,,,,,,,,,,
1515,SS,,,,,,,,,,
1516,ST,,,,,,,,,,
1517,ST,,,,,,,,,,
1518,SS,,,,,,,,,,
1519,IC,,,,,,,,,,
1520,IC,,,,,,,,,,
1521,IC,,,,,,,,,,
1522,IC,,,,,,,,,,
1523,FS,,,,,,,,,,
1524,SC,,,,,,,,,,
1525,IC,,,,,,,,,,
1526,IC,,,,,,,,,,
1527,IC,,,,,,,,,,
1528,IC,,,,,,,,,,
1529,SC,,,,,,,,,,
1530,SC,,,,,,,,,,
1531,IC,,,,,,,,,,
1532,TT,,,,,,,,,,
1533,TT,,,,,,,,,,
1534,TT,,,,,,,,,,
1535,IC,,,,,,,,,,
1536,IC,,,,,,,,,,
1537,IC,,,,,,,,,,
1538,IC,,,,,,,,,,
1539,IC,,,,,,,,,,
1540,IC,,,,,,,,,,
1541,IC,,,,,,,,,,
1542,IC,,,,,,,,,,
1543,TT,,,,,,,,,,
1544,TT,,,,,,,,,,
1545,TT,,,,,,,,,,
1546,TT,,,,,,,,,,
1547,TT,,,,,,,,,,
1548,TT,,,,,,,,,,
1549,TT,,,,,,,,,,
1550,TT,,,,,,,,,,
1551,SS,,,,,,,,,,
1552,SS,,,,,,,,,,
1553,SO,,,,,,,,,,
1554,ST,,,,,,,,,,
1555,ST,,,,,,,,,,
1556,ST,,,,,,,,,,
1557,ST,,,,,,,,,,
1558,SS,,,,,,,,,,
1559,IC,,,,,,,,,,
1560,FS,,,,,,,,,,
1561,FS,,,,,,,,,,
1562,TT,,,,,,,,,,
1563,FS,,,,,,,,,,
1564,FS,,,,,,,,,,
1565,SO,,,,,,,,,,
1566,SC,,,,,,,,,,
1567,SS,,,,,,,,,,
1568,SC,,,,,,,,,,
1569,SO,,,,,,,,,,
1570,FS,,,,,,,,,,
1571,SC,,,,,,,,,,
1572,SC,,,,,,,,,,
1573,IC,,,,,,,,,,
1574,IC,,,,,,,,,,
1575,TT,,,,,,,,,,
1576,TT,,,,,,,,,,
1577,TT,,,,,,,,,,
1578,IC,,,,,,,,,,
1579,IC,,,,,,,,,,
1580,FS,,,,,,,,,,
1581,FS,,,,,,,,,,
1582,FS,,,,,,,,,,
1583,FS,,,,,,,,,,
1584,SO,,,,,,,,,,
1585,IC,,,,,,,,,,
1586,IC,,,,,,,,,,
1587,IC,,,,,,,,,,
1588,FS,,,,,,,,,,
1589,SC,,,,,,,,,,
1590,SS,,,,,,,,,,
1591,SS,,,,,,,,,,
1592,IC,,,,,,,,,,
1593,SS,,,,,,,,,,
1594,SC,,,,,,,,,,
1595,SO,,,,,,,,,,
1596,SO,,,,,,,,,,
1597,SO,,,,,,,,,,
1598,IC,,,,,,,,,,
1599,IC,,,,,,,,,,
1600,TT,,,,,,,,,,
1601,TT,,,,,,,,,,
1602,TT,,,,,,,,,,
1603,TT,,,,,,,,,,
1604,IC,,,,,,,,,,
1605,FS,,,,,,,,,,
1606,FS,,,,,,,,,,
1607,SC,,,,,,,,,,
1608,SC,,,,,,,,,,
1609,SC,,,,,,,,,,
1610,SC,,,,,,,,,,
1611,IC,,,,,,,,,,
1612,IC,,,,,,,,,,
1613,IC,,,,,,,,,,
1614,IC,,,,,,,,,,
1615,SS,,,,,,,,,,
1616,SS,,,,,,,,,,
1617,SS,,,,,,,,,,
1618,TT,,,,,,,,,,
1619,TT,,,,,,,,,,
1620,IC,,,,,,,,,,
1621,IC,,,,,,,,,,
1622,IC,,,,,,,,,,
1623,SC,,,,,,,,,,
1624,IC,,,,,,,,,,
1625,TT,,,,,,,,,,
1626,TT,,,,,,,,,,
1627,IC,,,,,,,,,,
1628,FS,,,,,,,,,,
1629,FS,,,,,,,,,,
1630,SO,,,,,,,,,,
1631,IC,,,,,,,,,,
1632,TT,,,,,,,,,,
1633,TT,,,,,,,,,,
1634,TT,,,,,,,,,,
1635,IC,,,,,,,,,,
1636,SC,,,,,,,,,,
1637,SC,,,,,,,,,,
1638,IC,,,,,,,,,,
1639,IC,,,,,,,,,,
1640,SO,,,,,,,,,,
1641,FS,,,,,,,,,,
1642,FS,,,,,,,,,,
1643,SC,,,,,,,,,,
1644,SC,,,,,,,,,,
1645,FS,,,,,,,,,,
1646,SC,,,,,,,,,,
1647,SC,,,,,,,,,,
1648,IC,,,,,,,,,,
1649,TT,,,,,,,,,,
1650,TT,,,,,,,,,,
1651,SS,,,,,,,,,,
1652,SS,,,,,,,,,,
1653,SS,,,,,,,,,,
1654,CR,,,,,,,,,,
1655,SC,,,,,,,,,,
1656,IC,,,,,,,,,,
1657,IC,,,,,,,,,,
1658,SS,,,,,,,,,,
1659,FS,,,,,,,,,,
1660,FS,,,,,,,,,,
1661,IC,,,,,,,,,,
1662,SS,,,,,,,,,,
1663,ST,,,,,,,,,,
1664,ST,,,,,,,,,,
1665,ST,,,,,,,,,,
1666,SO,,,,,,,,,,
1667,FS,,,,,,,,,,
1668,SO,,,,,,,,,,
1669,SO,,,,,,,,,,
1670,SC,,,,,,,,,,
1671,IC,,,,,,,,,,
1672,IC,,,,,,,,,,
1673,IC,,,,,,,,,,
1674,IC,,,,,,,,,,
1675,SC,,,,,,,,,,
1676,SC,,,,,,,,,,
1677,IC,,,,,,,,,,
1678,SC,,,,,,,,,,
1679,SC,,,,,,,,,,
1680,IC,,,,,,,,,,
1681,IC,,,,,,,,,,
1682,TT,,,,,,,,,,
1683,TT,,,,,,,,,,
1684,SS,,,,,,,,,,
1685,SS,,,,,,,,,,
1686,SS,,,,,,,,,,
1687,ST,,,,,,,,,,
1688,SC,,,,,,,,,,
1689,SC,,,,,,,,,,
1690,SC,,,,,,,,,,
1691,IC,,,,,,,,,,
1692,IC,,,,,,,,,,
1693,TT,,,,,,,,,,
1694,TT,,,,,,,,,,
1695,TT,,,,,,,,,,
1696,FS,,,,,,,,,,
1697,TT,,,,,,,,,,
1698,TT,,,,,,,,,,
1699,SO,,,,,,,,,,
1700,ST,,,,,,,,,,
1701,ST,,,,,,,,,,
1702,ST,,,,,,,,,,
1703,FS,,,,,,,,,,
1704,FS,,,,,,,,,,
1705,SO,,,,,,,,,,
1706,SC,,,,,,,,,,
1707,SC,,,,,,,,,,
1708,SO,,,,,,,,,,
1709,SO,,,,,,,,,,
1710,SO,,,,,,,,,,
1711,FS,,,,,,,,,,
1712,FS,,,,,,,,,,
1713,FS,,,,,,,,,,
1714,FS,,,,,,,,,,
1715,FS,,,,,,,,,,
1716,SC,,,,,,,,,,
1717,SC,,,,,,,,,,
1718,SC,,,,,,,,,,
1719,SC,,,,,,,,,,
1720,SC,,,,,,,,,,
1721,FS,,,,,,,,,,
1722,SC,,,,,,,,,,
1723,SC,,,,,,,,,,
1724,FS,,,,,,,,,,
1725,SC,,,,,,,,,,
1726,SC,,,,,,,,,,
1727,IC,,,,,,,,,,
1728,TT,,,,,,,,,,
1729,TT,,,,,,,,,,
1730,IC,,,,,,,,,,
1731,SC,,,,,,,,,,
1732,SC,,,,,,,,,,
1733,FS,,,,,,,,,,
1734,FS,,,,,,,,,,
1735,SO,,,,,,,,,,
1736,SO,,,,,,,,,,
1737,SC,,,,,,,,,,
1738,SO,,,,,,,,,,
1739,SC,,,,,,,,,,
1740,SC,,,,,,,,,,
1741,IC,,,,,,,,,,
1742,IC,,,,,,,,,,
1743,IC,,,,,,,,,,
1744,SC,,,,,,,,,,
1745,SO,,,,,,,,,,
1746,SC,,,,,,,,,,
1747,IC,,,,,,,,,,
1748,SC,,,,,,,,,,
1749,SO,,,,,,,,,,
1750,SO,,,,,,,,,,
1751,SC,,,,,,,,,,
1752,SO,,,,,,,,,,
1753,SO,,,,,,,,,,
1754,TT,,,,,,,,,,
1755,SS,,,,,,,,,,
1756,SS,,,,,,,,,,
1757,SS,,,,,,,,,,
1758,IC,,,,,,,,,,
1759,SC,,,,,,,,,,
1760,SC,,,,,,,,,,
1761,SC,,,,,,,,,,
1762,IC,,,,,,,,,,
1763,TT,,,,,,,,,,
1764,TT,,,,,,,,,,
1765,TT,,,,,,,,,,
1766,TT,,,,,,,,,,
1767,IC,,,,,,,,,,
1768,SC,,,,,,,,,,
1769,SC,,,,,,,,,,
1770,SC,,,,,,,,,,
1771,IC,,,,,,,,,,
1772,SC,,,,,,,,,,
1773,SC,,,,,,,,,,
1774,SS,,,,,,,,,,
1775,SS,,,,,,,,,,
1776,SS,,,,,,,,,,
1777,IC,,,,,,,,,,
1778,TT,,,,,,,,,,
1779,TT,,,,,,,,,,
1780,TT,,,,,,,,,,
1781,IC,,,,,,,,,,
1782,IC,,,,,,,,,,
1783,IC,,,,,,,,,,
1784,TT,,,,,,,,,,
1785,TT,,,,,,,,,,
1786,TT,,,,,,,,,,
1787,FS,,,,,,,,,,
1788,FS,,,,,,,,,,
1789,IC,,,,,,,,,,
1790,FS,,,,,,,,,,
1791,FS,,,,,,,,,,
1792,FS,,,,,,,,,,
1793,SO,,,,,,,,,,
1794,SS,,,,,,,,,,
1795,ST,,,,,,,,,,
1796,SS,,,,,,,,,,
1797,IC,,,,,,,,,,
1798,IC,,,,,,,,,,
1799,IC,,,,,,,,,,
1800,CR,,,,,,,,,,
1801,CR,,,,,,,,,,
1802,SS,,,,,,,,,,
1803,ST,,,,,,,,,,
1804,ST,,,,,,,,,,
1805,SO,,,,,,,,,,
1806,SC,,,,,,,,,,
1807,SC,,,,,,,,,,
1808,CR,,,,,,,,,,
1809,SS,,,,,,,,,,
1810,SS,,,,,,,,,,
1811,SS,,,,,,,,,,
1812,SC,,,,,,,,,,
1813,IC,,,,,,,,,,
1814,IC,,,,,,,,,,
1815,IC,,,,,,,,,,
1816,SO,,,,,,,,,,
1817,FS,,,,,,,,,,
1818,FS,,,,,,,,,,
1819,FS,,,,,,,,,,
1820,IC,,,,,,,,,,
1821,TT,,,,,,,,,,
1822,TT,,,,,,,,,,
1823,TT,,,,,,,,,,
1824,TT,,,,,,,,,,
1825,TT,,,,,,,,,,
1826,IC,,,,,,,,,,
1827,IC,,,,,,,,,,
1828,SO,,,,,,,,,,
1829,SO,,,,,,,,,,
1830,SO,,,,,,,,,,
1831,SC,,,,,,,,,,
1832,SC,,,,,,,,,,
1833,SC,,,,,,,,,,
1834,SC,,,,,,,,,,
1835,ST,,,,,,,,,,
1836,SS,,,,,,,,,,
1837,SC,,,,,,,,,,
1838,SC,,,,,,,,,,
1839,FS,,,,,,,,,,
1840,IC,,,,,,,,,,
1841,TT,,,,,,,,,,
1842,FS,,,,,,,,,,
1843,FS,,,,,,,,,,
1844,IC,,,,,,,,,,
1845,SC,,,,,,,,,,
1846,SC,,,,,,,,,,
1847,SC,,,,,,,,,,
1848,SC,,,,,,,,,,
1849,SS,,,,,,,,,,
1850,SS,,,,,,,,,,
1851,SS,,,,,,,,,,
1852,IC,,,,,,,,,,
1853,SC,,,,,,,,,,
1854,SO,,,,,,,,,,
1855,SO,,,,,,,,,,
1856,FS,,,,,,,,,,
1857,FS,,,,,,,,,,
1858,SC,,,,,,,,,,
1859,SC,,,,,,,,,,
1860,SC,,,,,,,,,,
1861,SC,,,,,,,,,,
1862,SS,,,,,,,,,,
1863,ST,,,,,,,,,,
1864,ST,,,,,,,,,,
1865,SS,,,,,,,,,,
1866,SS,,,,,,,,,,
1867,IC,,,,,,,,,,
1868,SO,,,,,,,,,,
1869,SO,,,,,,,,,,
1870,IC,,,,,,,,,,
1871,IC,,,,,,,,,,
1872,IC,,,,,,,,,,
1873,SC,,,,,,,,,,
1874,SC,,,,,,,,,,
1875,SC,,,,,,,,,,
1876,SC,,,,,,,,,,
1877,IC,,,,,,,,,,
1878,IC,,,,,,,,,,
1879,IC,,,,,,,,,,
1880,TT,,,,,,,,,,
1881,TT,,,,,,,,,,
1882,TT,,,,,,,,,,
1883,TT,,,,,,,,,,
1884,TT,,,,,,,,,,
1885,TT,,,,,,,,,,
1886,TT,,,,,,,,,,
1887,TT,,,,,,,,,,
1888,FS,,,,,,,,,,
1889,IC,,,,,,,,,,
1890,SS,,,,,,,,,,
1891,SS,,,,,,,,,,
1892,SS,,,,,,,,,,
1893,IC,,,,,,,,,,
1894,SC,,,,,,,,,,
1895,SO,,,,,,,,,,
1896,SC,,,,,,,,,,
1897,SC,,,,,,,,,,
1898,IC,,,,,,,,,,
1899,IC,,,,,,,,,,
1900,SC,,,,,,,,,,
1901,SC,,,,,,,,,,
1902,SC,,,,,,,,,,
1903,SS,,,,,,,,,,
1904,IC,,,,,,,,,,
1905,IC,,,,,,,,,,
1906,SC,,,,,,,,,,
1907,SC,,,,,,,,,,
1908,IC,,,,,,,,,,
1909,TT,,,,,,,,,,
1910,TT,,,,,,,,,,
1911,TT,,,,,,,,,,
1912,IC,,,,,,,,,,
1913,IC,,,,,,,,,,
1914,IC,,,,,,,,,,
1915,TT,,,,,,,,,,
1916,TT,,,,,,,,,,
1917,SC,,,,,,,,,,
1918,SC,,,,,,,,,,
1919,FS,,,,,,,,,,
1920,SC,,,,,,,,,,
1921,SC,,,,,,,,,,
1922,CR,,,,,,,,,,
1923,SC,,,,,,,,,,
1924,FS,,,,,,,,,,
1925,SC,,,,,,,,,,
1926,IC,,,,,,,,,,
1927,SC,,,,,,,,,,
1928,SC,,,,,,,,,,
1929,SC,,,,,,,,,,
1930,SS,,,,,,,,,,
1931,SO,,,,,,,,,,
1932,SO,,,,,,,,,,
1933,FS,,,,,,,,,,
1934,SC,,,,,,,,,,
1935,IC,,,,,,,,,,
1936,IC,,,,,,,,,,
1937,SC,,,,,,,,,,
1938,SC,,,,,,,,,,
1939,SC,,,,,,,,,,
1940,SC,,,,,,,,,,
1941,SC,,,,,,,,,,
1942,SC,,,,,,,,,,
1943,SS,,,,,,,,,,
1944,SC,,,,,,,,,,
1945,FS,,,,,,,,,,
1946,FS,,,,,,,,,,
1947,FS,,,,,,,,,,
1948,SC,,,,,,,,,,
1949,IC,,,,,,,,,,
1950,IC,,,,,,,,,,
1951,TT,,,,,,,,,,
1952,TT,,,,,,,,,,
1953,TT,,,,,,,,,,
1954,TT,,,,,,,,,,
1955,TT,,,,,,,,,,
1956,IC,,,,,,,,,,
1957,SC,,,,,,,,,,
1958,SC,,,,,,,,,,
1959,IC,,,,,,,,,,
1960,IC,,,,,,,,,,
1961,IC,,,,,,,,,,
1962,TT,,,,,,,,,,
1963,TT,,,,,,,,,,
1964,TT,,,,,,,,,,
1965,TT,,,,,,,,,,
1966,TT,,,,,,,,,,
1967,TT,,,,,,,,,,
1968,TT,,,,,,,,,,
1969,TT,,,,,,,,,,
1970,TT,,,,,,,,,,
1971,TT,,,,,,,,,,
1972,TT,,,,,,,,,,
1973,IC,,,,,,,,,,
1974,SC,,,,,,,,,,
1975,SC,,,,,,,,,,
1976,SC,,,,,,,,,,
1977,SS,,,,,,,,,,
1978,SS,,,,,,,,,,
1979,ST,,,,,,,,,,
1980,SS,,,,,,,,,,
1981,SS,,,,,,,,,,
1982,SS,,,,,,,,,,
1983,IC,,,,,,,,,,
1984,IC,,,,,,,,,,
1985,SC,,,,,,,,,,
1986,SC,,,,,,,,,,
1987,SC,,,,,,,,,,
1988,IC,,,,,,,,,,
1989,CR,,,,,,,,,,
1990,CR,,,,,,,,,,
1991,SC,,,,,,,,,,
1992,SC,,,,,,,,,,
1993,SC,,,,,,,,,,
1994,SC,,,,,,,,,,
1995,SC,,,,,,,,,,
1996,SC,,,,,,,,,,
1997,SC,,,,,,,,,,
1998,SO,,,,,,,,,,
1999,SO,,,,,,,,,,
2000,SS,,,,,,,,,,
2001,SS,,,,,,,,,,
2002,SO,,,,,,,,,,
2003,SC,,,,,,,,,,
2004,IC,,,,,,,,,,
2005,IC,,,,,,,,,,
2006,SS,,,,,,,,,,
2007,SS,,,,,,,,,,
2008,SC,,,,,,,,,,
2009,SC,,,,,,,,,,
2010,SC,,,,,,,,,,
2011,SC,,,,,,,,,,
2012,SO,,,,,,,,,,
2013,FS,,,,,,,,,,
2014,FS,,,,,,,,,,
2015,SC,,,,,,,,,,
2016,SC,,,,,,,,,,
2017,SC,,,,,,,,,,
2018,IC,,,,,,,,,,
2019,SC,,,,,,,,,,
2020,IC,,,,,,,,,,
2021,SC,,,,,,,,,,
2022,SC,,,,,,,,,,
2023,SO,,,,,,,,,,
2024,SO,,,,,,,,,,
2025,SC,,,,,,,,,,
2026,SC,,,,,,,,,,
2027,SC,,,,,,,,,,
2028,SC,,,,,,,,,,
2029,SC,,,,,,,,,,
2030,SC,,,,,,,,,,
2031,SO,,,,,,,,,,
2032,SO,,,,,,,,,,
2033,FS,,,,,,,,,,
2034,SO,,,,,,,,,,
2035,FS,,,,,,,,,,
2036,SC,,,,,,,,,,
2037,SC,,,,,,,,,,
2038,IC,,,,,,,,,,
2039,IC,,,,,,,,,,
2040,IC,,,,,,,,,,
2041,IC,,,,,,,,,,
2042,SC,,,,,,,,,,
2043,IC,,,,,,,,,,
2044,SS,,,,,,,,,,
2045,SS,,,,,,,,,,
2046,SS,,,,,,,,,,
2047,SC,,,,,,,,,,
2048,SO,,,,,,,,,,
2049,SO,,,,,,,,,,
2050,SC,,,,,,,,,,
2051,SC,,,,,,,,,,
2052,SC,,,,,,,,,,
2053,FS,,,,,,,,,,
2054,SC,,,,,,,,,,
2055,IC,,,,,,,,,,
2056,IC,,,,,,,,,,
2057,IC,,,,,,,,,,
2058,IC,,,,,,,,,,
2059,CR,,,,,,,,,,
2060,IC,,,,,,,,,,
2061,SC,,,,,,,,,,
2062,SC,,,,,,,,,,
2063,SC,,,,,,,,,,
2064,SS,,,,,,,,,,
2065,SS,,,,,,,,,,
2066,CR,,,,,,,,,,
2067,CR,,,,,,,,,,
2068,CR,,,,,,,,,,
2069,SS,,,,,,,,,,
2070,SS,,,,,,,,,,
2071,SO,,,,,,,,,,
2072,SS,,,,,,,,,,
2073,TT,,,,,,,,,,
2074,TT,,,,,,,,,,
2075,IC,,,,,,,,,,
2076,TT,,,,,,,,,,
2077,IC,,,,,,,,,,
2078,IC,,,,,,,,,,
2079,SS,,,,,,,,,,
2080,CR,,,,,,,,,,
2081,SC,,,,,,,,,,
2082,SC,,,,,,,,,,
2083,SC,,,,,,,,,,
2084,SC,,,,,,,,,,
2085,SC,,,,,,,,,,
2086,IC,,,,,,,,,,
2087,TT,,,,,,,,,,
2088,TT,,,,,,,,,,
2089,TT,,,,,,,,,,
2090,TT,,,,,,,,,,
2091,TT,,,,,,,,,,
2092,IC,,,,,,,,,,
2093,IC,,,,,,,,,,
2094,SC,,,,,,,,,,
2095,SC,,,,,,,,,,
2096,SC,,,,,,,,,,
2097,SC,,,,,,,,,,
2098,CR,,,,,,,,,,
2099,SS,,,,,,,,,,
2100,SS,,,,,,,,,,
2101,SS,,,,,,,,,,
2102,CR,,,,,,,,,,
2103,IC,,,,,,,,,,
2104,CR,,,,,,,,,,
2105,CR,,,,,,,,,,
2106,SS,,,,,,,,,,
2107,SS,,,,,,,,,,
2108,SS,,,,,,,,,,
2109,SC,,,,,,,,,,
2110,SC,,,,,,,,,,
2111,SC,,,,,,,,,,
2112,CR,,,,,,,,,,
2113,SO,,,,,,,,,,
2114,SO,,,,,,,,,,
2115,SC,,,,,,,,,,
2116,SC,,,,,,,,,,
2117,SC,,,,,,,,,,
2118,SC,,,,,,,,,,
2119,SC,,,,,,,,,,
2120,FS,,,,,,,,,,
2121,FS,,,,,,,,,,
2122,SO,,,,,,,,,,
2123,FS,,,,,,,,,,
2124,SO,,,,,,,,,,
2125,IC,,,,,,,,,,
2126,SC,,,,,,,,,,
2127,SC,,,,,,,,,,
2128,SC,,,,,,,,,,
2129,ST,,,,,,,,,,
2130,SS,,,,,,,,,,
2131,SC,,,,,,,,,,
2132,SO,,,,,,,,,,
2133,SO,,,,,,,,,,
2134,IC,,,,,,,,,,
2135,FS,,,,,,,,,,
2136,FS,,,,,,,,,,
2137,FS,,,,,,,,,,
2138,FS,,,,,,,,,,
2139,SO,,,,,,,,,,
2140,SO,,,,,,,,,,
2141,SC,,,,,,,,,,
2142,SC,,,,,,,,,,
2143,TT,,,,,,,,,,
2144,TT,,,,,,,,,,
2145,TT,,,,,,,,,,
2146,IC,,,,,,,,,,
2147,IC,,,,,,,,,,
2148,SC,,,,,,,,,,
2149,SC,,,,,,,,,,
2150,SC,,,,,,,,,,
2151,SC,,,,,,,,,,
2152,SC,,,,,,,,,,
2153,SC,,,,,,,,,,
2154,SC,,,,,,,,,,
2155,IC,,,,,,,,,,
2156,IC,,,,,,,,,,
2157,SC,,,,,,,,,,
